Product,Sales,GDP,Attribute_1,Attribute_2,Attribute_3,Attribute_4,Attribute_5
Product A,365,8291,0.8166018352206666,0.8776149398973291,0.7787288082639929,0.28357667858256574,0.6119433411110109
Product B,225,5829,0.3360715844645519,0.7274355137182333,0.5839013656536759,0.06556326635477827,0.3318822556677169
Product C,627,2520,0.8908165306793224,0.5408809312773927,0.18263143630201495,0.05644418747007063,0.559648365456308
Product D,420,7400,0.19812181303297027,0.1314581524025229,0.8260822477490752,0.7654558182151854,0.33549964651986997
Product E,469,6648,0.03061665387269341,0.4136673744184527,0.10540183348780108,0.01178802938496426,0.41118254597473414
